Gmt time,Open,High,Low,Close,Volume
01.03.2020 00:00:00.000,295.098,295.098,295.098,295.098,0
01.03.2020 01:00:00.000,295.098,295.098,295.098,295.098,0
01.03.2020 02:00:00.000,295.098,295.098,295.098,295.098,0
01.03.2020 03:00:00.000,295.098,295.098,295.098,295.098,0
01.03.2020 04:00:00.000,295.098,295.098,295.098,295.098,0
01.03.2020 05:00:00.000,295.098,295.098,295.098,295.098,0
01.03.2020 06:00:00.000,295.098,295.098,295.098,295.098,0
01.03.2020 07:00:00.000,295.098,295.098,295.098,295.098,0
01.03.2020 08:00:00.000,295.098,295.098,295.098,295.098,0
01.03.2020 09:00:00.000,295.098,295.098,295.098,295.098,0
01.03.2020 10:00:00.000,295.098,295.098,295.098,295.098,0
01.03.2020 11:00:00.000,295.098,295.098,295.098,295.098,0
01.03.2020 12:00:00.000,295.098,295.098,295.098,295.098,0
01.03.2020 13:00:00.000,295.098,295.098,295.098,295.098,0
01.03.2020 14:00:00.000,295.098,295.098,295.098,295.098,0
01.03.2020 15:00:00.000,295.098,295.098,295.098,295.098,0
01.03.2020 16:00:00.000,295.098,295.098,295.098,295.098,0
01.03.2020 17:00:00.000,295.098,295.098,295.098,295.098,0
01.03.2020 18:00:00.000,295.098,295.098,295.098,295.098,0
01.03.2020 19:00:00.000,295.098,295.098,295.098,295.098,0
01.03.2020 20:00:00.000,295.098,295.098,295.098,295.098,0
01.03.2020 21:00:00.000,295.098,295.098,295.098,295.098,0
01.03.2020 22:00:00.000,295.098,295.098,295.098,295.098,0
01.03.2020 23:00:00.000,295.098,295.098,295.098,295.098,0
02.03.2020 00:00:00.000,295.098,295.098,295.098,295.098,0
02.03.2020 01:00:00.000,295.098,295.098,295.098,295.098,0
02.03.2020 02:00:00.000,295.098,295.098,295.098,295.098,0
02.03.2020 03:00:00.000,295.098,295.098,295.098,295.098,0
02.03.2020 04:00:00.000,295.098,295.098,295.098,295.098,0
02.03.2020 05:00:00.000,295.098,295.098,295.098,295.098,0
02.03.2020 06:00:00.000,295.098,295.098,295.098,295.098,0
02.03.2020 07:00:00.000,295.098,295.098,295.098,295.098,0
02.03.2020 08:00:00.000,295.098,295.098,295.098,295.098,0
02.03.2020 09:00:00.000,295.098,295.098,295.098,295.098,0
02.03.2020 10:00:00.000,295.098,295.098,295.098,295.098,0
02.03.2020 11:00:00.000,295.098,295.098,295.098,295.098,0
02.03.2020 12:00:00.000,295.098,295.098,295.098,295.098,0
02.03.2020 13:00:00.000,295.098,295.098,295.098,295.098,0
02.03.2020 14:00:00.000,298.217,299.088,295.867,296.468,30.4083
02.03.2020 15:00:00.000,296.478,300.037,294.457,298.497,54.2072
02.03.2020 16:00:00.000,298.498,303.858,298.157,303.598,48.0465
02.03.2020 17:00:00.000,303.588,304.058,301.468,303.618,36.891
02.03.2020 18:00:00.000,303.618,303.978,300.787,302.537,37.6688
02.03.2020 19:00:00.000,302.528,303.407,298.958,300.048,39.9965
02.03.2020 20:00:00.000,300.037,309.087,299.938,309.087,42.7345
02.03.2020 21:00:00.000,309.087,309.087,309.087,309.087,0
02.03.2020 22:00:00.000,309.087,309.087,309.087,309.087,0
02.03.2020 23:00:00.000,309.087,309.087,309.087,309.087,0
03.03.2020 00:00:00.000,309.087,309.087,309.087,309.087,0
03.03.2020 01:00:00.000,309.087,309.087,309.087,309.087,0
03.03.2020 02:00:00.000,309.087,309.087,309.087,309.087,0
03.03.2020 03:00:00.000,309.087,309.087,309.087,309.087,0
03.03.2020 04:00:00.000,309.087,309.087,309.087,309.087,0
03.03.2020 05:00:00.000,309.087,309.087,309.087,309.087,0
03.03.2020 06:00:00.000,309.087,309.087,309.087,309.087,0
03.03.2020 07:00:00.000,309.087,309.087,309.087,309.087,0
03.03.2020 08:00:00.000,309.087,309.087,309.087,309.087,0
03.03.2020 09:00:00.000,309.087,309.087,309.087,309.087,0
03.03.2020 10:00:00.000,309.087,309.087,309.087,309.087,0
03.03.2020 11:00:00.000,309.087,309.087,309.087,309.087,0
03.03.2020 12:00:00.000,309.087,309.087,309.087,309.087,0
03.03.2020 13:00:00.000,309.087,309.087,309.087,309.087,0
03.03.2020 14:00:00.000,309.468,309.488,304.887,305.928,28.7337
03.03.2020 15:00:00.000,305.938,313.787,305.808,310.398,56.8505
03.03.2020 16:00:00.000,310.398,310.638,302.518,307.317,54.562
03.03.2020 17:00:00.000,307.318,308.228,304.567,305.157,47.7718
03.03.2020 18:00:00.000,305.128,305.128,300.017,300.218,50.5433
03.03.2020 19:00:00.000,300.188,301.858,297.567,301.337,56.5865
03.03.2020 20:00:00.000,301.328,304.228,299.308,300.078,56.003
03.03.2020 21:00:00.000,300.078,300.078,300.078,300.078,0
03.03.2020 22:00:00.000,300.078,300.078,300.078,300.078,0
03.03.2020 23:00:00.000,300.078,300.078,300.078,300.078,0
04.03.2020 00:00:00.000,300.078,300.078,300.078,300.078,0
04.03.2020 01:00:00.000,300.078,300.078,300.078,300.078,0
04.03.2020 02:00:00.000,300.078,300.078,300.078,300.078,0
04.03.2020 03:00:00.000,300.078,300.078,300.078,300.078,0
04.03.2020 04:00:00.000,300.078,300.078,300.078,300.078,0
04.03.2020 05:00:00.000,300.078,300.078,300.078,300.078,0
04.03.2020 06:00:00.000,300.078,300.078,300.078,300.078,0
04.03.2020 07:00:00.000,300.078,300.078,300.078,300.078,0
04.03.2020 08:00:00.000,300.078,300.078,300.078,300.078,0
04.03.2020 09:00:00.000,300.078,300.078,300.078,300.078,0
04.03.2020 10:00:00.000,300.078,300.078,300.078,300.078,0
04.03.2020 11:00:00.000,300.078,300.078,300.078,300.078,0
04.03.2020 12:00:00.000,300.078,300.078,300.078,300.078,0
04.03.2020 13:00:00.000,300.078,300.078,300.078,300.078,0
04.03.2020 14:00:00.000,306.037,307.248,303.328,304.138,27.12
04.03.2020 15:00:00.000,304.177,307.297,303.457,304.717,50.052
04.03.2020 16:00:00.000,304.708,306.387,304.058,304.968,46.9852
04.03.2020 17:00:00.000,304.957,307.928,304.957,307.877,38.0573
04.03.2020 18:00:00.000,307.878,309.437,307.758,308.978,36.0288
04.03.2020 19:00:00.000,308.977,309.988,308.188,309.357,37.0793
04.03.2020 20:00:00.000,309.348,313.078,309.187,312.828,40.8237
04.03.2020 21:00:00.000,312.828,312.828,312.828,312.828,0
04.03.2020 22:00:00.000,312.828,312.828,312.828,312.828,0
04.03.2020 23:00:00.000,312.828,312.828,312.828,312.828,0
05.03.2020 00:00:00.000,312.828,312.828,312.828,312.828,0
05.03.2020 01:00:00.000,312.828,312.828,312.828,312.828,0
05.03.2020 02:00:00.000,312.828,312.828,312.828,312.828,0
05.03.2020 03:00:00.000,312.828,312.828,312.828,312.828,0
05.03.2020 04:00:00.000,312.828,312.828,312.828,312.828,0
05.03.2020 05:00:00.000,312.828,312.828,312.828,312.828,0
05.03.2020 06:00:00.000,312.828,312.828,312.828,312.828,0
05.03.2020 07:00:00.000,312.828,312.828,312.828,312.828,0
05.03.2020 08:00:00.000,312.828,312.828,312.828,312.828,0
05.03.2020 09:00:00.000,312.828,312.828,312.828,312.828,0
05.03.2020 10:00:00.000,312.828,312.828,312.828,312.828,0
05.03.2020 11:00:00.000,312.828,312.828,312.828,312.828,0
05.03.2020 12:00:00.000,312.828,312.828,312.828,312.828,0
05.03.2020 13:00:00.000,312.828,312.828,312.828,312.828,0
05.03.2020 14:00:00.000,304.958,306.408,303.818,304.568,27.3757
05.03.2020 15:00:00.000,304.598,306.978,304.027,306.008,47.4292
05.03.2020 16:00:00.000,306.017,308.448,305.268,305.737,44.4328
05.03.2020 17:00:00.000,305.738,306.078,302.048,302.488,40.2863
05.03.2020 18:00:00.000,302.497,304.167,301.468,303.478,43.3662
05.03.2020 19:00:00.000,303.487,303.487,301.088,302.318,42.8713
05.03.2020 20:00:00.000,302.328,303.178,300.008,302.518,48.7815
05.03.2020 21:00:00.000,302.518,302.518,302.518,302.518,0
05.03.2020 22:00:00.000,302.518,302.518,302.518,302.518,0
05.03.2020 23:00:00.000,302.518,302.518,302.518,302.518,0
06.03.2020 00:00:00.000,302.518,302.518,302.518,302.518,0
06.03.2020 01:00:00.000,302.518,302.518,302.518,302.518,0
06.03.2020 02:00:00.000,302.518,302.518,302.518,302.518,0
06.03.2020 03:00:00.000,302.518,302.518,302.518,302.518,0
06.03.2020 04:00:00.000,302.518,302.518,302.518,302.518,0
06.03.2020 05:00:00.000,302.518,302.518,302.518,302.518,0
06.03.2020 06:00:00.000,302.518,302.518,302.518,302.518,0
06.03.2020 07:00:00.000,302.518,302.518,302.518,302.518,0
06.03.2020 08:00:00.000,302.518,302.518,302.518,302.518,0
06.03.2020 09:00:00.000,302.518,302.518,302.518,302.518,0
06.03.2020 10:00:00.000,302.518,302.518,302.518,302.518,0
06.03.2020 11:00:00.000,302.518,302.518,302.518,302.518,0
06.03.2020 12:00:00.000,302.518,302.518,302.518,302.518,0
06.03.2020 13:00:00.000,302.518,302.518,302.518,302.518,0
06.03.2020 14:00:00.000,293.138,294.727,291.528,293.338,29.2108
06.03.2020 15:00:00.000,293.318,297.948,292.598,297.068,55.321
06.03.2020 16:00:00.000,297.078,297.467,294.108,294.928,50.691
06.03.2020 17:00:00.000,294.927,296.068,292.977,294.537,44.8213
06.03.2020 18:00:00.000,294.537,296.698,293.357,293.628,41.4663
06.03.2020 19:00:00.000,293.637,293.958,290.568,291.008,44.9448
06.03.2020 20:00:00.000,290.978,298.768,290.228,297.308,56.2482
06.03.2020 21:00:00.000,297.308,297.308,297.308,297.308,0
06.03.2020 22:00:00.000,297.308,297.308,297.308,297.308,0
06.03.2020 23:00:00.000,297.308,297.308,297.308,297.308,0
07.03.2020 00:00:00.000,297.308,297.308,297.308,297.308,0
07.03.2020 01:00:00.000,297.308,297.308,297.308,297.308,0
07.03.2020 02:00:00.000,297.308,297.308,297.308,297.308,0
07.03.2020 03:00:00.000,297.308,297.308,297.308,297.308,0
07.03.2020 04:00:00.000,297.308,297.308,297.308,297.308,0
07.03.2020 05:00:00.000,297.308,297.308,297.308,297.308,0
07.03.2020 06:00:00.000,297.308,297.308,297.308,297.308,0
07.03.2020 07:00:00.000,297.308,297.308,297.308,297.308,0
07.03.2020 08:00:00.000,297.308,297.308,297.308,297.308,0
07.03.2020 09:00:00.000,297.308,297.308,297.308,297.308,0
07.03.2020 10:00:00.000,297.308,297.308,297.308,297.308,0
07.03.2020 11:00:00.000,297.308,297.308,297.308,297.308,0
07.03.2020 12:00:00.000,297.308,297.308,297.308,297.308,0
07.03.2020 13:00:00.000,297.308,297.308,297.308,297.308,0
07.03.2020 14:00:00.000,297.308,297.308,297.308,297.308,0
07.03.2020 15:00:00.000,297.308,297.308,297.308,297.308,0
07.03.2020 16:00:00.000,297.308,297.308,297.308,297.308,0
07.03.2020 17:00:00.000,297.308,297.308,297.308,297.308,0
07.03.2020 18:00:00.000,297.308,297.308,297.308,297.308,0
07.03.2020 19:00:00.000,297.308,297.308,297.308,297.308,0
07.03.2020 20:00:00.000,297.308,297.308,297.308,297.308,0
07.03.2020 21:00:00.000,297.308,297.308,297.308,297.308,0
07.03.2020 22:00:00.000,297.308,297.308,297.308,297.308,0
07.03.2020 23:00:00.000,297.308,297.308,297.308,297.308,0
08.03.2020 00:00:00.000,297.308,297.308,297.308,297.308,0
08.03.2020 01:00:00.000,297.308,297.308,297.308,297.308,0
08.03.2020 02:00:00.000,297.308,297.308,297.308,297.308,0
08.03.2020 03:00:00.000,297.308,297.308,297.308,297.308,0
08.03.2020 04:00:00.000,297.308,297.308,297.308,297.308,0
08.03.2020 05:00:00.000,297.308,297.308,297.308,297.308,0
08.03.2020 06:00:00.000,297.308,297.308,297.308,297.308,0
08.03.2020 07:00:00.000,297.308,297.308,297.308,297.308,0
08.03.2020 08:00:00.000,297.308,297.308,297.308,297.308,0
08.03.2020 09:00:00.000,297.308,297.308,297.308,297.308,0
08.03.2020 10:00:00.000,297.308,297.308,297.308,297.308,0
08.03.2020 11:00:00.000,297.308,297.308,297.308,297.308,0
08.03.2020 12:00:00.000,297.308,297.308,297.308,297.308,0
08.03.2020 13:00:00.000,297.308,297.308,297.308,297.308,0
08.03.2020 14:00:00.000,297.308,297.308,297.308,297.308,0
08.03.2020 15:00:00.000,297.308,297.308,297.308,297.308,0
08.03.2020 16:00:00.000,297.308,297.308,297.308,297.308,0
08.03.2020 17:00:00.000,297.308,297.308,297.308,297.308,0
08.03.2020 18:00:00.000,297.308,297.308,297.308,297.308,0
08.03.2020 19:00:00.000,297.308,297.308,297.308,297.308,0
08.03.2020 20:00:00.000,297.308,297.308,297.308,297.308,0
08.03.2020 21:00:00.000,297.308,297.308,297.308,297.308,0
08.03.2020 22:00:00.000,297.308,297.308,297.308,297.308,0
08.03.2020 23:00:00.000,297.308,297.308,297.308,297.308,0
09.03.2020 00:00:00.000,297.308,297.308,297.308,297.308,0
09.03.2020 01:00:00.000,297.308,297.308,297.308,297.308,0
09.03.2020 02:00:00.000,297.308,297.308,297.308,297.308,0
09.03.2020 03:00:00.000,297.308,297.308,297.308,297.308,0
09.03.2020 04:00:00.000,297.308,297.308,297.308,297.308,0
09.03.2020 05:00:00.000,297.308,297.308,297.308,297.308,0
09.03.2020 06:00:00.000,297.308,297.308,297.308,297.308,0
09.03.2020 07:00:00.000,297.308,297.308,297.308,297.308,0
09.03.2020 08:00:00.000,297.308,297.308,297.308,297.308,0
09.03.2020 09:00:00.000,297.308,297.308,297.308,297.308,0
09.03.2020 10:00:00.000,297.308,297.308,297.308,297.308,0
09.03.2020 11:00:00.000,297.308,297.308,297.308,297.308,0
09.03.2020 12:00:00.000,297.308,297.308,297.308,297.308,0
09.03.2020 13:00:00.000,275.210,281.598,273.497,279.758,10.087
09.03.2020 14:00:00.000,279.758,282.568,278.347,278.637,47.4594
09.03.2020 15:00:00.000,278.628,284.068,278.017,282.668,49.1695
09.03.2020 16:00:00.000,282.678,284.128,279.008,279.698,47.1738
09.03.2020 17:00:00.000,279.687,280.698,275.327,275.827,42.6605
09.03.2020 18:00:00.000,275.817,277.618,273.457,276.588,50.7475
09.03.2020 19:00:00.000,276.597,279.288,274.418,274.418,55.907
09.03.2020 20:00:00.000,274.418,274.418,274.418,274.418,0
09.03.2020 21:00:00.000,274.418,274.418,274.418,274.418,0
09.03.2020 22:00:00.000,274.418,274.418,274.418,274.418,0
09.03.2020 23:00:00.000,274.418,274.418,274.418,274.418,0
10.03.2020 00:00:00.000,274.418,274.418,274.418,274.418,0
10.03.2020 01:00:00.000,274.418,274.418,274.418,274.418,0
10.03.2020 02:00:00.000,274.418,274.418,274.418,274.418,0
10.03.2020 03:00:00.000,274.418,274.418,274.418,274.418,0
10.03.2020 04:00:00.000,274.418,274.418,274.418,274.418,0
10.03.2020 05:00:00.000,274.418,274.418,274.418,274.418,0
10.03.2020 06:00:00.000,274.418,274.418,274.418,274.418,0
10.03.2020 07:00:00.000,274.418,274.418,274.418,274.418,0
10.03.2020 08:00:00.000,274.418,274.418,274.418,274.418,0
10.03.2020 09:00:00.000,274.418,274.418,274.418,274.418,0
10.03.2020 10:00:00.000,274.418,274.418,274.418,274.418,0
10.03.2020 11:00:00.000,274.418,274.418,274.418,274.418,0
10.03.2020 12:00:00.000,274.418,274.418,274.418,274.418,0
10.03.2020 13:00:00.000,284.488,285.148,280.898,282.628,23.4132
10.03.2020 14:00:00.000,282.628,284.748,278.538,278.588,42.2835
10.03.2020 15:00:00.000,278.558,280.308,273.487,275.447,45.9722
10.03.2020 16:00:00.000,275.448,280.267,275.448,278.348,45.6338
10.03.2020 17:00:00.000,278.347,280.878,276.467,277.168,40.953
10.03.2020 18:00:00.000,277.177,283.668,276.098,282.468,42.9142
10.03.2020 19:00:00.000,282.468,288.338,282.018,288.308,44.5628
10.03.2020 20:00:00.000,288.308,288.308,288.308,288.308,0
10.03.2020 21:00:00.000,288.308,288.308,288.308,288.308,0
10.03.2020 22:00:00.000,288.308,288.308,288.308,288.308,0
10.03.2020 23:00:00.000,288.308,288.308,288.308,288.308,0
11.03.2020 00:00:00.000,288.308,288.308,288.308,288.308,0
11.03.2020 01:00:00.000,288.308,288.308,288.308,288.308,0
11.03.2020 02:00:00.000,288.308,288.308,288.308,288.308,0
11.03.2020 03:00:00.000,288.308,288.308,288.308,288.308,0
11.03.2020 04:00:00.000,288.308,288.308,288.308,288.308,0
11.03.2020 05:00:00.000,288.308,288.308,288.308,288.308,0
11.03.2020 06:00:00.000,288.308,288.308,288.308,288.308,0
11.03.2020 07:00:00.000,288.308,288.308,288.308,288.308,0
11.03.2020 08:00:00.000,288.308,288.308,288.308,288.308,0
11.03.2020 09:00:00.000,288.308,288.308,288.308,288.308,0
11.03.2020 10:00:00.000,288.308,288.308,288.308,288.308,0
11.03.2020 11:00:00.000,288.308,288.308,288.308,288.308,0
11.03.2020 12:00:00.000,288.308,288.308,288.308,288.308,0
11.03.2020 13:00:00.000,280.647,281.907,279.078,280.458,27.1017
11.03.2020 14:00:00.000,280.447,281.468,277.228,278.338,44.7248
11.03.2020 15:00:00.000,278.338,279.408,276.177,277.938,43.047
11.03.2020 16:00:00.000,277.958,280.718,275.548,276.507,41.6963
11.03.2020 17:00:00.000,276.488,277.018,274.697,275.957,39.4607
11.03.2020 18:00:00.000,275.947,276.418,273.337,273.668,41.781
11.03.2020 19:00:00.000,273.677,276.308,270.888,274.387,54.0633
11.03.2020 20:00:00.000,274.387,274.387,274.387,274.387,0
11.03.2020 21:00:00.000,274.387,274.387,274.387,274.387,0
11.03.2020 22:00:00.000,274.387,274.387,274.387,274.387,0
11.03.2020 23:00:00.000,274.387,274.387,274.387,274.387,0
12.03.2020 00:00:00.000,274.387,274.387,274.387,274.387,0
12.03.2020 01:00:00.000,274.387,274.387,274.387,274.387,0
12.03.2020 02:00:00.000,274.387,274.387,274.387,274.387,0
12.03.2020 03:00:00.000,274.387,274.387,274.387,274.387,0
12.03.2020 04:00:00.000,274.387,274.387,274.387,274.387,0
12.03.2020 05:00:00.000,274.387,274.387,274.387,274.387,0
12.03.2020 06:00:00.000,274.387,274.387,274.387,274.387,0
12.03.2020 07:00:00.000,274.387,274.387,274.387,274.387,0
12.03.2020 08:00:00.000,274.387,274.387,274.387,274.387,0
12.03.2020 09:00:00.000,274.387,274.387,274.387,274.387,0
12.03.2020 10:00:00.000,274.387,274.387,274.387,274.387,0
12.03.2020 11:00:00.000,274.387,274.387,274.387,274.387,0
12.03.2020 12:00:00.000,274.387,274.387,274.387,274.387,0
12.03.2020 13:00:00.000,255.898,259.078,249.647,258.568,12.5817
12.03.2020 14:00:00.000,258.588,258.767,253.237,257.747,57.8047
12.03.2020 15:00:00.000,257.738,257.788,251.138,252.787,52.5155
12.03.2020 16:00:00.000,252.798,261.908,250.347,259.898,52.8963
12.03.2020 17:00:00.000,259.957,266.638,253.188,257.108,57.7155
12.03.2020 18:00:00.000,257.107,257.967,251.868,252.058,51.2747
12.03.2020 19:00:00.000,252.087,255.138,247.868,247.938,53.5425
12.03.2020 20:00:00.000,247.938,247.938,247.938,247.938,0
12.03.2020 21:00:00.000,247.938,247.938,247.938,247.938,0
12.03.2020 22:00:00.000,247.938,247.938,247.938,247.938,0
12.03.2020 23:00:00.000,247.938,247.938,247.938,247.938,0
13.03.2020 00:00:00.000,247.938,247.938,247.938,247.938,0
13.03.2020 01:00:00.000,247.938,247.938,247.938,247.938,0
13.03.2020 02:00:00.000,247.938,247.938,247.938,247.938,0
13.03.2020 03:00:00.000,247.938,247.938,247.938,247.938,0
13.03.2020 04:00:00.000,247.938,247.938,247.938,247.938,0
13.03.2020 05:00:00.000,247.938,247.938,247.938,247.938,0
13.03.2020 06:00:00.000,247.938,247.938,247.938,247.938,0
13.03.2020 07:00:00.000,247.938,247.938,247.938,247.938,0
13.03.2020 08:00:00.000,247.938,247.938,247.938,247.938,0
13.03.2020 09:00:00.000,247.938,247.938,247.938,247.938,0
13.03.2020 10:00:00.000,247.938,247.938,247.938,247.938,0
13.03.2020 11:00:00.000,247.938,247.938,247.938,247.938,0
13.03.2020 12:00:00.000,247.938,247.938,247.938,247.938,0
13.03.2020 13:00:00.000,262.558,264.068,255.318,256.478,26.79
13.03.2020 14:00:00.000,256.478,261.518,254.208,254.388,50.9618
13.03.2020 15:00:00.000,254.407,257.085,249.567,252.968,50.0757
13.03.2020 16:00:00.000,252.918,257.678,250.827,255.337,40.4652
13.03.2020 17:00:00.000,255.308,260.097,254.018,259.278,34.403
13.03.2020 18:00:00.000,259.297,259.348,253.678,256.908,36.7905
13.03.2020 19:00:00.000,256.978,271.048,253.098,270.658,47.9955
13.03.2020 20:00:00.000,270.658,270.658,270.658,270.658,0
13.03.2020 21:00:00.000,270.658,270.658,270.658,270.658,0
13.03.2020 22:00:00.000,270.658,270.658,270.658,270.658,0
13.03.2020 23:00:00.000,270.658,270.658,270.658,270.658,0
14.03.2020 00:00:00.000,270.658,270.658,270.658,270.658,0
14.03.2020 01:00:00.000,270.658,270.658,270.658,270.658,0
14.03.2020 02:00:00.000,270.658,270.658,270.658,270.658,0
14.03.2020 03:00:00.000,270.658,270.658,270.658,270.658,0
14.03.2020 04:00:00.000,270.658,270.658,270.658,270.658,0
14.03.2020 05:00:00.000,270.658,270.658,270.658,270.658,0
14.03.2020 06:00:00.000,270.658,270.658,270.658,270.658,0
14.03.2020 07:00:00.000,270.658,270.658,270.658,270.658,0
14.03.2020 08:00:00.000,270.658,270.658,270.658,270.658,0
14.03.2020 09:00:00.000,270.658,270.658,270.658,270.658,0
14.03.2020 10:00:00.000,270.658,270.658,270.658,270.658,0
14.03.2020 11:00:00.000,270.658,270.658,270.658,270.658,0
14.03.2020 12:00:00.000,270.658,270.658,270.658,270.658,0
14.03.2020 13:00:00.000,270.658,270.658,270.658,270.658,0
14.03.2020 14:00:00.000,270.658,270.658,270.658,270.658,0
14.03.2020 15:00:00.000,270.658,270.658,270.658,270.658,0
14.03.2020 16:00:00.000,270.658,270.658,270.658,270.658,0
14.03.2020 17:00:00.000,270.658,270.658,270.658,270.658,0
14.03.2020 18:00:00.000,270.658,270.658,270.658,270.658,0
14.03.2020 19:00:00.000,270.658,270.658,270.658,270.658,0
14.03.2020 20:00:00.000,270.658,270.658,270.658,270.658,0
14.03.2020 21:00:00.000,270.658,270.658,270.658,270.658,0
14.03.2020 22:00:00.000,270.658,270.658,270.658,270.658,0
14.03.2020 23:00:00.000,270.658,270.658,270.658,270.658,0
15.03.2020 00:00:00.000,270.658,270.658,270.658,270.658,0
15.03.2020 01:00:00.000,270.658,270.658,270.658,270.658,0
15.03.2020 02:00:00.000,270.658,270.658,270.658,270.658,0
15.03.2020 03:00:00.000,270.658,270.658,270.658,270.658,0
15.03.2020 04:00:00.000,270.658,270.658,270.658,270.658,0
15.03.2020 05:00:00.000,270.658,270.658,270.658,270.658,0
15.03.2020 06:00:00.000,270.658,270.658,270.658,270.658,0
15.03.2020 07:00:00.000,270.658,270.658,270.658,270.658,0
15.03.2020 08:00:00.000,270.658,270.658,270.658,270.658,0
15.03.2020 09:00:00.000,270.658,270.658,270.658,270.658,0
15.03.2020 10:00:00.000,270.658,270.658,270.658,270.658,0
15.03.2020 11:00:00.000,270.658,270.658,270.658,270.658,0
15.03.2020 12:00:00.000,270.658,270.658,270.658,270.658,0
15.03.2020 13:00:00.000,270.658,270.658,270.658,270.658,0
15.03.2020 14:00:00.000,270.658,270.658,270.658,270.658,0
15.03.2020 15:00:00.000,270.658,270.658,270.658,270.658,0
15.03.2020 16:00:00.000,270.658,270.658,270.658,270.658,0
15.03.2020 17:00:00.000,270.658,270.658,270.658,270.658,0
15.03.2020 18:00:00.000,270.658,270.658,270.658,270.658,0
15.03.2020 19:00:00.000,270.658,270.658,270.658,270.658,0
15.03.2020 20:00:00.000,270.658,270.658,270.658,270.658,0
15.03.2020 21:00:00.000,270.658,270.658,270.658,270.658,0
15.03.2020 22:00:00.000,270.658,270.658,270.658,270.658,0
15.03.2020 23:00:00.000,270.658,270.658,270.658,270.658,0
16.03.2020 00:00:00.000,270.658,270.658,270.658,270.658,0
16.03.2020 01:00:00.000,270.658,270.658,270.658,270.658,0
16.03.2020 02:00:00.000,270.658,270.658,270.658,270.658,0
16.03.2020 03:00:00.000,270.658,270.658,270.658,270.658,0
16.03.2020 04:00:00.000,270.658,270.658,270.658,270.658,0
16.03.2020 05:00:00.000,270.658,270.658,270.658,270.658,0
16.03.2020 06:00:00.000,270.658,270.658,270.658,270.658,0
16.03.2020 07:00:00.000,270.658,270.658,270.658,270.658,0
16.03.2020 08:00:00.000,270.658,270.658,270.658,270.658,0
16.03.2020 09:00:00.000,270.658,270.658,270.658,270.658,0
16.03.2020 10:00:00.000,270.658,270.658,270.658,270.658,0
16.03.2020 11:00:00.000,270.658,270.658,270.658,270.658,0
16.03.2020 12:00:00.000,270.658,270.658,270.658,270.658,0
16.03.2020 13:00:00.000,241.167,247.728,237.347,245.478,10.7205
16.03.2020 14:00:00.000,245.488,252.947,242.498,250.747,45.272
16.03.2020 15:00:00.000,250.758,256.878,250.107,254.118,36.4212
16.03.2020 16:00:00.000,254.138,254.758,247.827,248.958,41.1745
16.03.2020 17:00:00.000,248.958,251.627,246.168,247.207,39.415
16.03.2020 18:00:00.000,247.197,251.028,244.648,249.087,43.3083
16.03.2020 19:00:00.000,249.097,250.828,238.748,239.988,46.778
16.03.2020 20:00:00.000,239.988,239.988,239.988,239.988,0
16.03.2020 21:00:00.000,239.988,239.988,239.988,239.988,0
16.03.2020 22:00:00.000,239.988,239.988,239.988,239.988,0
16.03.2020 23:00:00.000,239.988,239.988,239.988,239.988,0
17.03.2020 00:00:00.000,239.988,239.988,239.988,239.988,0
17.03.2020 01:00:00.000,239.988,239.988,239.988,239.988,0
17.03.2020 02:00:00.000,239.988,239.988,239.988,239.988,0
17.03.2020 03:00:00.000,239.988,239.988,239.988,239.988,0
17.03.2020 04:00:00.000,239.988,239.988,239.988,239.988,0
17.03.2020 05:00:00.000,239.988,239.988,239.988,239.988,0
17.03.2020 06:00:00.000,239.988,239.988,239.988,239.988,0
17.03.2020 07:00:00.000,239.988,239.988,239.988,239.988,0
17.03.2020 08:00:00.000,239.988,239.988,239.988,239.988,0
17.03.2020 09:00:00.000,239.988,239.988,239.988,239.988,0
17.03.2020 10:00:00.000,239.988,239.988,239.988,239.988,0
17.03.2020 11:00:00.000,239.988,239.988,239.988,239.988,0
17.03.2020 12:00:00.000,239.988,239.988,239.988,239.988,0
17.03.2020 13:00:00.000,244.928,247.368,237.668,238.148,26.7725
17.03.2020 14:00:00.000,238.148,245.788,237.018,245.087,50.5042
17.03.2020 15:00:00.000,245.138,251.298,244.388,251.038,51.6825
17.03.2020 16:00:00.000,250.968,255.978,247.307,249.097,48.4717
17.03.2020 17:00:00.000,249.098,250.577,245.018,249.588,48.2378
17.03.2020 18:00:00.000,249.577,254.808,248.198,250.998,48.5788
17.03.2020 19:00:00.000,251.028,253.657,247.098,253.657,49.492
17.03.2020 20:00:00.000,253.657,253.657,253.657,253.657,0
17.03.2020 21:00:00.000,253.657,253.657,253.657,253.657,0
17.03.2020 22:00:00.000,253.657,253.657,253.657,253.657,0
17.03.2020 23:00:00.000,253.657,253.657,253.657,253.657,0
18.03.2020 00:00:00.000,253.657,253.657,253.657,253.657,0
18.03.2020 01:00:00.000,253.657,253.657,253.657,253.657,0
18.03.2020 02:00:00.000,253.657,253.657,253.657,253.657,0
18.03.2020 03:00:00.000,253.657,253.657,253.657,253.657,0
18.03.2020 04:00:00.000,253.657,253.657,253.657,253.657,0
18.03.2020 05:00:00.000,253.657,253.657,253.657,253.657,0
18.03.2020 06:00:00.000,253.657,253.657,253.657,253.657,0
18.03.2020 07:00:00.000,253.657,253.657,253.657,253.657,0
18.03.2020 08:00:00.000,253.657,253.657,253.657,253.657,0
18.03.2020 09:00:00.000,253.657,253.657,253.657,253.657,0
18.03.2020 10:00:00.000,253.657,253.657,253.657,253.657,0
18.03.2020 11:00:00.000,253.657,253.657,253.657,253.657,0
18.03.2020 12:00:00.000,253.657,253.657,253.657,253.657,0
18.03.2020 13:00:00.000,236.127,244.367,236.088,242.568,29.039
18.03.2020 14:00:00.000,242.568,246.018,240.157,240.268,49.1712
18.03.2020 15:00:00.000,240.268,241.458,237.087,241.058,49.6505
18.03.2020 16:00:00.000,241.057,241.238,235.677,235.707,42.791
18.03.2020 17:00:00.000,235.018,236.758,229.997,231.788,39.8978
18.03.2020 18:00:00.000,231.797,235.148,228.038,235.067,47.155
18.03.2020 19:00:00.000,235.038,241.757,230.997,241.008,55.3568
18.03.2020 20:00:00.000,241.008,241.008,241.008,241.008,0
18.03.2020 21:00:00.000,241.008,241.008,241.008,241.008,0
18.03.2020 22:00:00.000,241.008,241.008,241.008,241.008,0
18.03.2020 23:00:00.000,241.008,241.008,241.008,241.008,0
19.03.2020 00:00:00.000,241.008,241.008,241.008,241.008,0
19.03.2020 01:00:00.000,241.008,241.008,241.008,241.008,0
19.03.2020 02:00:00.000,241.008,241.008,241.008,241.008,0
19.03.2020 03:00:00.000,241.008,241.008,241.008,241.008,0
19.03.2020 04:00:00.000,241.008,241.008,241.008,241.008,0
19.03.2020 05:00:00.000,241.008,241.008,241.008,241.008,0
19.03.2020 06:00:00.000,241.008,241.008,241.008,241.008,0
19.03.2020 07:00:00.000,241.008,241.008,241.008,241.008,0
19.03.2020 08:00:00.000,241.008,241.008,241.008,241.008,0
19.03.2020 09:00:00.000,241.008,241.008,241.008,241.008,0
19.03.2020 10:00:00.000,241.008,241.008,241.008,241.008,0
19.03.2020 11:00:00.000,241.008,241.008,241.008,241.008,0
19.03.2020 12:00:00.000,241.008,241.008,241.008,241.008,0
19.03.2020 13:00:00.000,239.058,239.388,232.227,237.958,29.039
19.03.2020 14:00:00.000,237.967,243.868,236.538,239.228,55.6772
19.03.2020 15:00:00.000,239.208,246.338,238.617,242.718,54.8867
19.03.2020 16:00:00.000,242.718,243.878,238.828,242.217,50.0228
19.03.2020 17:00:00.000,242.218,246.228,241.068,244.468,44.361
19.03.2020 18:00:00.000,244.468,247.368,242.368,244.418,44.333
19.03.2020 19:00:00.000,244.418,245.598,240.387,241.548,55.031
19.03.2020 20:00:00.000,241.548,241.548,241.548,241.548,0
19.03.2020 21:00:00.000,241.548,241.548,241.548,241.548,0
19.03.2020 22:00:00.000,241.548,241.548,241.548,241.548,0
19.03.2020 23:00:00.000,241.548,241.548,241.548,241.548,0
20.03.2020 00:00:00.000,241.548,241.548,241.548,241.548,0
20.03.2020 01:00:00.000,241.548,241.548,241.548,241.548,0
20.03.2020 02:00:00.000,241.548,241.548,241.548,241.548,0
20.03.2020 03:00:00.000,241.548,241.548,241.548,241.548,0
20.03.2020 04:00:00.000,241.548,241.548,241.548,241.548,0
20.03.2020 05:00:00.000,241.548,241.548,241.548,241.548,0
20.03.2020 06:00:00.000,241.548,241.548,241.548,241.548,0
20.03.2020 07:00:00.000,241.548,241.548,241.548,241.548,0
20.03.2020 08:00:00.000,241.548,241.548,241.548,241.548,0
20.03.2020 09:00:00.000,241.548,241.548,241.548,241.548,0
20.03.2020 10:00:00.000,241.548,241.548,241.548,241.548,0
20.03.2020 11:00:00.000,241.548,241.548,241.548,241.548,0
20.03.2020 12:00:00.000,241.548,241.548,241.548,241.548,0
20.03.2020 13:00:00.000,242.427,243.528,236.617,239.158,29.6462
20.03.2020 14:00:00.000,239.098,244.388,238.827,244.047,54.6992
20.03.2020 15:00:00.000,244.048,244.468,237.728,238.818,55.128
20.03.2020 16:00:00.000,238.798,239.318,234.297,237.468,51.9873
20.03.2020 17:00:00.000,237.457,239.758,236.428,237.827,47.63
20.03.2020 18:00:00.000,237.808,238.887,231.198,232.288,51.1912
20.03.2020 19:00:00.000,232.208,234.898,228.607,229.438,59.8065
20.03.2020 20:00:00.000,229.438,229.438,229.438,229.438,0
20.03.2020 21:00:00.000,229.438,229.438,229.438,229.438,0
20.03.2020 22:00:00.000,229.438,229.438,229.438,229.438,0
20.03.2020 23:00:00.000,229.438,229.438,229.438,229.438,0
21.03.2020 00:00:00.000,229.438,229.438,229.438,229.438,0
21.03.2020 01:00:00.000,229.438,229.438,229.438,229.438,0
21.03.2020 02:00:00.000,229.438,229.438,229.438,229.438,0
21.03.2020 03:00:00.000,229.438,229.438,229.438,229.438,0
21.03.2020 04:00:00.000,229.438,229.438,229.438,229.438,0
21.03.2020 05:00:00.000,229.438,229.438,229.438,229.438,0
21.03.2020 06:00:00.000,229.438,229.438,229.438,229.438,0
21.03.2020 07:00:00.000,229.438,229.438,229.438,229.438,0
21.03.2020 08:00:00.000,229.438,229.438,229.438,229.438,0
21.03.2020 09:00:00.000,229.438,229.438,229.438,229.438,0
21.03.2020 10:00:00.000,229.438,229.438,229.438,229.438,0
21.03.2020 11:00:00.000,229.438,229.438,229.438,229.438,0
21.03.2020 12:00:00.000,229.438,229.438,229.438,229.438,0
21.03.2020 13:00:00.000,229.438,229.438,229.438,229.438,0
21.03.2020 14:00:00.000,229.438,229.438,229.438,229.438,0
21.03.2020 15:00:00.000,229.438,229.438,229.438,229.438,0
21.03.2020 16:00:00.000,229.438,229.438,229.438,229.438,0
21.03.2020 17:00:00.000,229.438,229.438,229.438,229.438,0
21.03.2020 18:00:00.000,229.438,229.438,229.438,229.438,0
21.03.2020 19:00:00.000,229.438,229.438,229.438,229.438,0
21.03.2020 20:00:00.000,229.438,229.438,229.438,229.438,0
21.03.2020 21:00:00.000,229.438,229.438,229.438,229.438,0
21.03.2020 22:00:00.000,229.438,229.438,229.438,229.438,0
21.03.2020 23:00:00.000,229.438,229.438,229.438,229.438,0
22.03.2020 00:00:00.000,229.438,229.438,229.438,229.438,0
22.03.2020 01:00:00.000,229.438,229.438,229.438,229.438,0
22.03.2020 02:00:00.000,229.438,229.438,229.438,229.438,0
22.03.2020 03:00:00.000,229.438,229.438,229.438,229.438,0
22.03.2020 04:00:00.000,229.438,229.438,229.438,229.438,0
22.03.2020 05:00:00.000,229.438,229.438,229.438,229.438,0
22.03.2020 06:00:00.000,229.438,229.438,229.438,229.438,0
22.03.2020 07:00:00.000,229.438,229.438,229.438,229.438,0
22.03.2020 08:00:00.000,229.438,229.438,229.438,229.438,0
22.03.2020 09:00:00.000,229.438,229.438,229.438,229.438,0
22.03.2020 10:00:00.000,229.438,229.438,229.438,229.438,0
22.03.2020 11:00:00.000,229.438,229.438,229.438,229.438,0
22.03.2020 12:00:00.000,229.438,229.438,229.438,229.438,0
22.03.2020 13:00:00.000,229.438,229.438,229.438,229.438,0
22.03.2020 14:00:00.000,229.438,229.438,229.438,229.438,0
22.03.2020 15:00:00.000,229.438,229.438,229.438,229.438,0
22.03.2020 16:00:00.000,229.438,229.438,229.438,229.438,0
22.03.2020 17:00:00.000,229.438,229.438,229.438,229.438,0
22.03.2020 18:00:00.000,229.438,229.438,229.438,229.438,0
22.03.2020 19:00:00.000,229.438,229.438,229.438,229.438,0
22.03.2020 20:00:00.000,229.438,229.438,229.438,229.438,0
22.03.2020 21:00:00.000,229.438,229.438,229.438,229.438,0
22.03.2020 22:00:00.000,229.438,229.438,229.438,229.438,0
22.03.2020 23:00:00.000,229.438,229.438,229.438,229.438,0
23.03.2020 00:00:00.000,229.438,229.438,229.438,229.438,0
23.03.2020 01:00:00.000,229.438,229.438,229.438,229.438,0
23.03.2020 02:00:00.000,229.438,229.438,229.438,229.438,0
23.03.2020 03:00:00.000,229.438,229.438,229.438,229.438,0
23.03.2020 04:00:00.000,229.438,229.438,229.438,229.438,0
23.03.2020 05:00:00.000,229.438,229.438,229.438,229.438,0
23.03.2020 06:00:00.000,229.438,229.438,229.438,229.438,0
23.03.2020 07:00:00.000,229.438,229.438,229.438,229.438,0
23.03.2020 08:00:00.000,229.438,229.438,229.438,229.438,0
23.03.2020 09:00:00.000,229.438,229.438,229.438,229.438,0
23.03.2020 10:00:00.000,229.438,229.438,229.438,229.438,0
23.03.2020 11:00:00.000,229.438,229.438,229.438,229.438,0
23.03.2020 12:00:00.000,229.438,229.438,229.438,229.438,0
23.03.2020 13:00:00.000,228.078,228.188,221.978,227.398,31.574
23.03.2020 14:00:00.000,227.387,228.738,223.307,223.517,56.605
23.03.2020 15:00:00.000,223.488,225.088,218.247,220.458,54.353
23.03.2020 16:00:00.000,220.468,228.157,219.268,227.377,56.5445
23.03.2020 17:00:00.000,227.368,229.368,221.648,222.938,53.022
23.03.2020 18:00:00.000,222.938,225.208,220.748,222.068,53.08
23.03.2020 19:00:00.000,222.148,224.938,219.017,222.727,54.7747
23.03.2020 20:00:00.000,222.727,222.727,222.727,222.727,0
23.03.2020 21:00:00.000,222.727,222.727,222.727,222.727,0
23.03.2020 22:00:00.000,222.727,222.727,222.727,222.727,0
23.03.2020 23:00:00.000,222.727,222.727,222.727,222.727,0
24.03.2020 00:00:00.000,222.727,222.727,222.727,222.727,0
24.03.2020 01:00:00.000,222.727,222.727,222.727,222.727,0
24.03.2020 02:00:00.000,222.727,222.727,222.727,222.727,0
24.03.2020 03:00:00.000,222.727,222.727,222.727,222.727,0
24.03.2020 04:00:00.000,222.727,222.727,222.727,222.727,0
24.03.2020 05:00:00.000,222.727,222.727,222.727,222.727,0
24.03.2020 06:00:00.000,222.727,222.727,222.727,222.727,0
24.03.2020 07:00:00.000,222.727,222.727,222.727,222.727,0
24.03.2020 08:00:00.000,222.727,222.727,222.727,222.727,0
24.03.2020 09:00:00.000,222.727,222.727,222.727,222.727,0
24.03.2020 10:00:00.000,222.727,222.727,222.727,222.727,0
24.03.2020 11:00:00.000,222.727,222.727,222.727,222.727,0
24.03.2020 12:00:00.000,222.727,222.727,222.727,222.727,0
24.03.2020 13:00:00.000,233.787,238.198,233.787,235.488,27.6187
24.03.2020 14:00:00.000,235.498,239.208,234.558,237.448,52.8937
24.03.2020 15:00:00.000,237.438,240.437,236.168,240.437,55.2275
24.03.2020 16:00:00.000,240.427,242.958,239.568,239.628,50.2957
24.03.2020 17:00:00.000,239.637,240.638,236.767,237.267,49.431
24.03.2020 18:00:00.000,237.268,240.647,235.047,240.608,50.4575
24.03.2020 19:00:00.000,240.638,244.088,240.198,243.728,52.1908
24.03.2020 20:00:00.000,243.728,243.728,243.728,243.728,0
24.03.2020 21:00:00.000,243.728,243.728,243.728,243.728,0
24.03.2020 22:00:00.000,243.728,243.728,243.728,243.728,0
24.03.2020 23:00:00.000,243.728,243.728,243.728,243.728,0
25.03.2020 00:00:00.000,243.728,243.728,243.728,243.728,0
25.03.2020 01:00:00.000,243.728,243.728,243.728,243.728,0
25.03.2020 02:00:00.000,243.728,243.728,243.728,243.728,0
25.03.2020 03:00:00.000,243.728,243.728,243.728,243.728,0
25.03.2020 04:00:00.000,243.728,243.728,243.728,243.728,0
25.03.2020 05:00:00.000,243.728,243.728,243.728,243.728,0
25.03.2020 06:00:00.000,243.728,243.728,243.728,243.728,0
25.03.2020 07:00:00.000,243.728,243.728,243.728,243.728,0
25.03.2020 08:00:00.000,243.728,243.728,243.728,243.728,0
25.03.2020 09:00:00.000,243.728,243.728,243.728,243.728,0
25.03.2020 10:00:00.000,243.728,243.728,243.728,243.728,0
25.03.2020 11:00:00.000,243.728,243.728,243.728,243.728,0
25.03.2020 12:00:00.000,243.728,243.728,243.728,243.728,0
25.03.2020 13:00:00.000,244.858,249.208,242.217,242.528,29.8085
25.03.2020 14:00:00.000,242.498,245.728,239.747,245.348,56.3843
25.03.2020 15:00:00.000,245.337,246.727,244.348,245.808,52.3833
25.03.2020 16:00:00.000,245.797,252.238,245.698,250.768,48.5877
25.03.2020 17:00:00.000,250.797,256.328,250.468,254.018,49.224
25.03.2020 18:00:00.000,254.038,255.008,250.998,254.347,53.3727
25.03.2020 19:00:00.000,254.377,255.458,245.588,246.718,55.493
25.03.2020 20:00:00.000,246.718,246.718,246.718,246.718,0
25.03.2020 21:00:00.000,246.718,246.718,246.718,246.718,0
25.03.2020 22:00:00.000,246.718,246.718,246.718,246.718,0
25.03.2020 23:00:00.000,246.718,246.718,246.718,246.718,0
26.03.2020 00:00:00.000,246.718,246.718,246.718,246.718,0
26.03.2020 01:00:00.000,246.718,246.718,246.718,246.718,0
26.03.2020 02:00:00.000,246.718,246.718,246.718,246.718,0
26.03.2020 03:00:00.000,246.718,246.718,246.718,246.718,0
26.03.2020 04:00:00.000,246.718,246.718,246.718,246.718,0
26.03.2020 05:00:00.000,246.718,246.718,246.718,246.718,0
26.03.2020 06:00:00.000,246.718,246.718,246.718,246.718,0
26.03.2020 07:00:00.000,246.718,246.718,246.718,246.718,0
26.03.2020 08:00:00.000,246.718,246.718,246.718,246.718,0
26.03.2020 09:00:00.000,246.718,246.718,246.718,246.718,0
26.03.2020 10:00:00.000,246.718,246.718,246.718,246.718,0
26.03.2020 11:00:00.000,246.718,246.718,246.718,246.718,0
26.03.2020 12:00:00.000,246.718,246.718,246.718,246.718,0
26.03.2020 13:00:00.000,249.457,254.118,248.968,253.698,29.3175
26.03.2020 14:00:00.000,253.698,257.448,252.817,255.538,57.0132
26.03.2020 15:00:00.000,255.558,259.008,254.357,258.418,50.226
26.03.2020 16:00:00.000,258.428,259.148,256.598,258.717,44.2405
26.03.2020 17:00:00.000,258.708,259.348,254.827,256.738,46.987
26.03.2020 18:00:00.000,256.738,259.088,255.447,258.558,48.017
26.03.2020 19:00:00.000,258.557,262.788,256.527,261.618,53.0197
26.03.2020 20:00:00.000,261.618,261.618,261.618,261.618,0
26.03.2020 21:00:00.000,261.618,261.618,261.618,261.618,0
26.03.2020 22:00:00.000,261.618,261.618,261.618,261.618,0
26.03.2020 23:00:00.000,261.618,261.618,261.618,261.618,0
27.03.2020 00:00:00.000,261.618,261.618,261.618,261.618,0
27.03.2020 01:00:00.000,261.618,261.618,261.618,261.618,0
27.03.2020 02:00:00.000,261.618,261.618,261.618,261.618,0
27.03.2020 03:00:00.000,261.618,261.618,261.618,261.618,0
27.03.2020 04:00:00.000,261.618,261.618,261.618,261.618,0
27.03.2020 05:00:00.000,261.618,261.618,261.618,261.618,0
27.03.2020 06:00:00.000,261.618,261.618,261.618,261.618,0
27.03.2020 07:00:00.000,261.618,261.618,261.618,261.618,0
27.03.2020 08:00:00.000,261.618,261.618,261.618,261.618,0
27.03.2020 09:00:00.000,261.618,261.618,261.618,261.618,0
27.03.2020 10:00:00.000,261.618,261.618,261.618,261.618,0
27.03.2020 11:00:00.000,261.618,261.618,261.618,261.618,0
27.03.2020 12:00:00.000,261.618,261.618,261.618,261.618,0
27.03.2020 13:00:00.000,253.168,254.968,251.017,253.148,27.5508
27.03.2020 14:00:00.000,253.167,254.588,251.917,253.288,48.6118
27.03.2020 15:00:00.000,253.278,256.218,252.448,252.648,46.774
27.03.2020 16:00:00.000,252.648,255.188,252.177,255.138,44.5537
27.03.2020 17:00:00.000,255.137,257.278,253.687,255.648,44.1077
27.03.2020 18:00:00.000,255.657,257.697,254.867,257.608,43.4618
27.03.2020 19:00:00.000,257.607,260.797,252.538,253.358,53.9315
27.03.2020 20:00:00.000,253.358,253.358,253.358,253.358,0
27.03.2020 21:00:00.000,253.358,253.358,253.358,253.358,0
27.03.2020 22:00:00.000,253.358,253.358,253.358,253.358,0
27.03.2020 23:00:00.000,253.358,253.358,253.358,253.358,0
28.03.2020 00:00:00.000,253.358,253.358,253.358,253.358,0
28.03.2020 01:00:00.000,253.358,253.358,253.358,253.358,0
28.03.2020 02:00:00.000,253.358,253.358,253.358,253.358,0
28.03.2020 03:00:00.000,253.358,253.358,253.358,253.358,0
28.03.2020 04:00:00.000,253.358,253.358,253.358,253.358,0
28.03.2020 05:00:00.000,253.358,253.358,253.358,253.358,0
28.03.2020 06:00:00.000,253.358,253.358,253.358,253.358,0
28.03.2020 07:00:00.000,253.358,253.358,253.358,253.358,0
28.03.2020 08:00:00.000,253.358,253.358,253.358,253.358,0
28.03.2020 09:00:00.000,253.358,253.358,253.358,253.358,0
28.03.2020 10:00:00.000,253.358,253.358,253.358,253.358,0
28.03.2020 11:00:00.000,253.358,253.358,253.358,253.358,0
28.03.2020 12:00:00.000,253.358,253.358,253.358,253.358,0
28.03.2020 13:00:00.000,253.358,253.358,253.358,253.358,0
28.03.2020 14:00:00.000,253.358,253.358,253.358,253.358,0
28.03.2020 15:00:00.000,253.358,253.358,253.358,253.358,0
28.03.2020 16:00:00.000,253.358,253.358,253.358,253.358,0
28.03.2020 17:00:00.000,253.358,253.358,253.358,253.358,0
28.03.2020 18:00:00.000,253.358,253.358,253.358,253.358,0
28.03.2020 19:00:00.000,253.358,253.358,253.358,253.358,0
28.03.2020 20:00:00.000,253.358,253.358,253.358,253.358,0
28.03.2020 21:00:00.000,253.358,253.358,253.358,253.358,0
28.03.2020 22:00:00.000,253.358,253.358,253.358,253.358,0
28.03.2020 23:00:00.000,253.358,253.358,253.358,253.358,0
29.03.2020 00:00:00.000,253.358,253.358,253.358,253.358,0
29.03.2020 01:00:00.000,253.358,253.358,253.358,253.358,0
29.03.2020 02:00:00.000,253.358,253.358,253.358,253.358,0
29.03.2020 03:00:00.000,253.358,253.358,253.358,253.358,0
29.03.2020 04:00:00.000,253.358,253.358,253.358,253.358,0
29.03.2020 05:00:00.000,253.358,253.358,253.358,253.358,0
29.03.2020 06:00:00.000,253.358,253.358,253.358,253.358,0
29.03.2020 07:00:00.000,253.358,253.358,253.358,253.358,0
29.03.2020 08:00:00.000,253.358,253.358,253.358,253.358,0
29.03.2020 09:00:00.000,253.358,253.358,253.358,253.358,0
29.03.2020 10:00:00.000,253.358,253.358,253.358,253.358,0
29.03.2020 11:00:00.000,253.358,253.358,253.358,253.358,0
29.03.2020 12:00:00.000,253.358,253.358,253.358,253.358,0
29.03.2020 13:00:00.000,253.358,253.358,253.358,253.358,0
29.03.2020 14:00:00.000,253.358,253.358,253.358,253.358,0
29.03.2020 15:00:00.000,253.358,253.358,253.358,253.358,0
29.03.2020 16:00:00.000,253.358,253.358,253.358,253.358,0
29.03.2020 17:00:00.000,253.358,253.358,253.358,253.358,0
29.03.2020 18:00:00.000,253.358,253.358,253.358,253.358,0
29.03.2020 19:00:00.000,253.358,253.358,253.358,253.358,0
29.03.2020 20:00:00.000,253.358,253.358,253.358,253.358,0
29.03.2020 21:00:00.000,253.358,253.358,253.358,253.358,0
29.03.2020 22:00:00.000,253.358,253.358,253.358,253.358,0
29.03.2020 23:00:00.000,253.358,253.358,253.358,253.358,0
30.03.2020 00:00:00.000,253.358,253.358,253.358,253.358,0
30.03.2020 01:00:00.000,253.358,253.358,253.358,253.358,0
30.03.2020 02:00:00.000,253.358,253.358,253.358,253.358,0
30.03.2020 03:00:00.000,253.358,253.358,253.358,253.358,0
30.03.2020 04:00:00.000,253.358,253.358,253.358,253.358,0
30.03.2020 05:00:00.000,253.358,253.358,253.358,253.358,0
30.03.2020 06:00:00.000,253.358,253.358,253.358,253.358,0
30.03.2020 07:00:00.000,253.358,253.358,253.358,253.358,0
30.03.2020 08:00:00.000,253.358,253.358,253.358,253.358,0
30.03.2020 09:00:00.000,253.358,253.358,253.358,253.358,0
30.03.2020 10:00:00.000,253.358,253.358,253.358,253.358,0
30.03.2020 11:00:00.000,253.358,253.358,253.358,253.358,0
30.03.2020 12:00:00.000,253.358,253.358,253.358,253.358,0
30.03.2020 13:00:00.000,255.658,257.228,253.527,255.278,26.4408
30.03.2020 14:00:00.000,255.288,258.538,254.727,257.068,48.8732
30.03.2020 15:00:00.000,257.047,259.858,256.807,259.158,45.1162
30.03.2020 16:00:00.000,259.148,260.367,258.108,260.308,40.971
30.03.2020 17:00:00.000,260.318,260.318,258.568,259.077,39.127
30.03.2020 18:00:00.000,259.088,260.938,257.938,260.308,47.183
30.03.2020 19:00:00.000,260.307,262.378,258.917,261.707,62.1707
30.03.2020 20:00:00.000,261.707,261.707,261.707,261.707,0
30.03.2020 21:00:00.000,261.707,261.707,261.707,261.707,0
30.03.2020 22:00:00.000,261.707,261.707,261.707,261.707,0
30.03.2020 23:00:00.000,261.707,261.707,261.707,261.707,0
31.03.2020 00:00:00.000,261.707,261.707,261.707,261.707,0
31.03.2020 01:00:00.000,261.707,261.707,261.707,261.707,0
31.03.2020 02:00:00.000,261.707,261.707,261.707,261.707,0
31.03.2020 03:00:00.000,261.707,261.707,261.707,261.707,0
31.03.2020 04:00:00.000,261.707,261.707,261.707,261.707,0
31.03.2020 05:00:00.000,261.707,261.707,261.707,261.707,0
31.03.2020 06:00:00.000,261.707,261.707,261.707,261.707,0
31.03.2020 07:00:00.000,261.707,261.707,261.707,261.707,0
31.03.2020 08:00:00.000,261.707,261.707,261.707,261.707,0
31.03.2020 09:00:00.000,261.707,261.707,261.707,261.707,0
31.03.2020 10:00:00.000,261.707,261.707,261.707,261.707,0
31.03.2020 11:00:00.000,261.707,261.707,261.707,261.707,0
31.03.2020 12:00:00.000,261.707,261.707,261.707,261.707,0
31.03.2020 13:00:00.000,260.587,260.908,258.277,259.157,30.4923
31.03.2020 14:00:00.000,259.128,263.228,259.128,261.787,56.434
31.03.2020 15:00:00.000,261.768,263.308,260.988,262.507,51.928
31.03.2020 16:00:00.000,262.508,262.697,258.508,259.358,50.7033
31.03.2020 17:00:00.000,259.358,260.288,257.937,260.087,54.049
31.03.2020 18:00:00.000,260.087,260.618,258.757,259.778,48.9782
31.03.2020 19:00:00.000,259.777,260.438,256.217,257.568,61.2598
31.03.2020 20:00:00.000,257.568,257.568,257.568,257.568,0
31.03.2020 21:00:00.000,257.568,257.568,257.568,257.568,0
31.03.2020 22:00:00.000,257.568,257.568,257.568,257.568,0
31.03.2020 23:00:00.000,257.568,257.568,257.568,257.568,0